Make,Model
Aisle-Master,44S
Bendi,B25-42E180D
Bendi,B30
Bendi,B35
Bendi,B4048IC180D
Bendi,B40IC
Bendi,BIB40-48E180D
Big Joe,PDS-30-177-TRI
Blue Giant,EPJ-30
Bobcat,E26
Bobcat,S300
Bobcat,S510
Bobcat,S530
Bobcat,S750
Bobcat,T590
Bobcat,T750
Cascade,90F-23864R1
Cascade,CARTON CLAMP
Case,580 SUPER M SERIES
Case,584C
Case,586G
Case,586H
Case,588G
Case,588H
Cat,259D
Cat,2C2600
Cat,2C5000
Cat,2C6500
Cat,2P3000
Cat,2P3500
Cat,430E IT
Cat,950H
Cat,C3000
Cat,C4000
Cat,C5000
Cat,DP40KL
Cat,DP45N
Cat,DP45N1
Cat,DP50K
Cat,DP70
Cat,DPL40
Cat,E300
Cat,E3500
Cat,E6000
Cat,EP16KT
Cat,EP20KT
Cat,EP20T
Cat,ES5000
Cat,EX5000
Cat,GC15
Cat,GC15K
Cat,GC20
Cat,GC20K
Cat,GC25K
Cat,GC30K
Cat,GC40K
Cat,GC45K
Cat,GC45KSWB
Cat,GC55KSTR
Cat,GC6000
Cat,GP25
Cat,GP25N5
Cat,GP30
Cat,GP40K
Cat,GP50CN1
Cat,M50
Cat,NR4000
Cat,NRR35
Cat,P5000
Cat,P6000
Cat,RC60
Cat,T30D
Cat,T80DSTR
Cat,TH580B
Cat,TL1055
Cat,TL943
Cat,V200
Cat,V300C
Caterpillar,2C3000
Caterpillar,2C6000
Caterpillar,950H
Caterpillar,C4000-LP
Caterpillar,C6000
Caterpillar,DP40K
Caterpillar,EC4000
Caterpillar,ETG350
Caterpillar,F30
Caterpillar,FBC18N
Caterpillar,GC20
Caterpillar,GC25K
Caterpillar,GC45KSWB
Caterpillar,GP25
Caterpillar,GP25K
Caterpillar,NRR30
Caterpillar,PD12000
Caterpillar,T70D
Caterpillar,V150
CatMitsu,E6000
CatMitsu,FBC18N
CatMitsu,FBC30N
CatMitsu,FG30
CatMitsu,FG35
CatMitsu,FG356
CatMitsu,FGC20
CatMitsu,FGC20K
CatMitsu,FGC25
CatMitsu,FGC25N
CatMitsu,FGC30
Clark,C15CL
Clark,C20SCL
Clark,C25C
Clark,C25CL
Clark,C25L
Clark,C30
Clark,C30L
Clark,C500-25
Clark,C500-30
Clark,C500-45
Clark,C500-S100
Clark,C500-YS80
Clark,C500Y-155
Clark,C500Y40
Clark,C500YS300U
Clark,C500YS80
Clark,C50SL
Clark,CGC-60
Clark,CGC20
Clark,CGC25
Clark,CGP55
Clark,CMC15
Clark,CMP15
Clark,CMP40
Clark,EC500-120
Clark,ECG25
Clark,ESMII-15
Clark,GCS15
Clark,GCS30
Clark,GCX15
Clark,GCX30
Clark,GCX50
Clark,GEX30
Clark,GPS15
Clark,GPX15E
Clark,GPX25
Clark,GPX30
Clark,GTS30L
Clark,NP30
Clark,NP300-40
Clark,NPR20
Clark,OSX15
Clark,S25CL
Clark,S25L
Clark,SP20
Clark,TM15S
Clark,TM17
Clark,TM25
Clark,TMG15
Clark,TMG15S
Clark,TMG25
Clark,WS2000-40
Crown,30RCTT
Crown,30SCTT-S
Crown,30WRTT
Crown,30WRTT-S
Crown,35RRTT-S
Crown,40WTT-S
Crown,55F-SS-A063
Crown,C-5 1050-65
Crown,C5 1000-60
Crown,C51050-50
Crown,FC4525-50
Crown,FC5000
Crown,PE3520-60
Crown,PE4500-80
Crown,PR3020-60
Crown,PW 3520-60
Crown,RC3020
Crown,RC3020-30
Crown,RC5530-30
Crown,RC5530C
Crown,RC5530C-30
Crown,RD5020-30
Crown,RM6025-45
Crown,RR3020-35
Crown,RR3020-45
Crown,RR5210
Crown,RR5220-45
Crown,SC4000
Crown,SC4020-35
Crown,SC4520-30
Crown,SP3220-30
Crown,SP3505
Crown,SX3000-40
Crown,WS2000-40
Crown,WS2300
Crown,WS2300-40
Crown,WS2300-40TL
CrownHamech,G32HT-16
Daewoo,B15T
Daewoo,B18T-2
Daewoo,D30S-3
Daewoo,D35S-2
Daewoo,D50S-2
Daewoo,D70S
Daewoo,G25S-3
Daewoo,G30-P
Daewoo,G35S-2
Daewoo,GC25P-3
Donkey,BURRO D13-3K
Donkey,D12-4K
Donkey,D13-4K
Doosan,BC30S-2
Doosan,BR20SP-7
Doosan,D110S-5
Doosan,D20G
Doosan,D25S-3
Doosan,D45S-5
Doosan,D70S-5
Doosan,G18S-5
Doosan,G25E-3
Doosan,G25P-5
Doosan,G30P
Doosan,G30P-3
Doosan,G30P-5
Doosan,G30P3-5LP
Doosan,G30S-2
Doosan,G30S-5
Doosan,G32P-3
Doosan,G45S-2
Doosan,GC25E-5
Doosan,GC25P-5
Doosan,GC30P-5
Doosan,GP30P
Doosan,GX20
Ekko,EA15B
Ekko,EB12E
Ekko,EB12E-138
Ekko,EB12E-98LI
Ekko,EB16EA
Ekko,EH15T
Ekko,EH15TH
Ekko,EK07S
Ekko,EK13S-177
Ekko,EK14-118
Ekko,EK14-138
Ekko,EK14S-130
Ekko,EK14S-130LI
Ekko,EK14S-189LI
Ekko,EK15A
Ekko,EK18RF
Ekko,EK18RR
Ekko,EK18RR-196LI
Ekko,EK20-189LI
Ekko,EK20RL
Ekko,EK25
Ekko,EK25CLP
Ekko,EK25SLP
Ekko,EK30LP
Ekko,EK30SLP
Ekko,EK50LP
Ekko,EOP68
Ekko,EP18LI
Ekko,EP18SLI
Ekko,EP30A
Ekko,EPC20LI
Ekko,ER15
Ekko,ER15L
Ekko,SP18SLI
Eoslift,MHB13-95
Everun,ERT1500
Flexi,G3 DV8R
Flexi,G4
Gehl,DL11-55
Gehl,DL11-55H
Gehl,DL12-40H
Gehl,DL12H40
Gehl,DL6L40
Gehl,RS10-55
Gehl,RS6-42
Gehl,RS8-42
Genie,5519
Genie,GS-1930
Genie,GS-2632
Genie,GS-3232
Genie,GS-3246
Genie,GS-4069RT
Genie,GS-4390
Genie,GTH-1056
Genie,GTH-5519
Genie,GTH-636
Genie,GTH-844
Genie,GTH1056
Genie,GTH1544
Genie,GTH844
Genie,ISP-20S
Genie,S-40
Genie,S60X
Genie,TH644C
Genie,TX-3420
GMG,1530I
GMG,1930I
GMG,2632I
GMG,3346I
GMG,3390-RT
GMG,3394-RT-T TUNNEL
GMG,4046I
GMG,408TS
GMG,4390-RT
GMG,4555I
GMG,4694-RT
GMG,5390-RT
GMG,612TS
GMG,830TS
GMG,CUB 10
Hamech,G25HT-16
Hamech,G25T-16
Hamech,G32HT-16
Harlo,HP6500
Heli,CPYD25-TY5
Heli,CPYD45
Hummerbee,XRT
Hybrid,HB-1230
Hyster,AP20Z
Hyster,B60Z 529B
Hyster,B60ZHD
Hyster,E100Z
Hyster,E120XL
Hyster,E30XL
Hyster,E30XM
Hyster,E30XM2
Hyster,E30XN
Hyster,E35HSD
Hyster,E35HSD3
Hyster,E40HSD
Hyster,E45XN
Hyster,E50XM
Hyster,E50XN
Hyster,E50XN-27
Hyster,E50Z
Hyster,E55XN
Hyster,E60XM-33
Hyster,E60XM2-33
Hyster,E60XN
Hyster,E60Z-33
Hyster,E65Z-40
Hyster,E70XN
Hyster,E80Z
Hyster,H100FT
Hyster,H100XL
Hyster,H100XM
Hyster,H110FT
Hyster,H120FT
Hyster,H120XM
Hyster,H155FT
Hyster,H155XL
Hyster,H155XL2
Hyster,H190XL
Hyster,H210XL
Hyster,H30FT
Hyster,H350B
Hyster,H35FT
Hyster,H35XM
Hyster,H360HD
Hyster,H360XL
Hyster,H40XM
Hyster,H45XM
Hyster,H50FT
Hyster,H50XL
Hyster,H50XM
Hyster,H50XT
Hyster,H60FT
Hyster,H60XM
Hyster,H70FT
Hyster,H80FT
Hyster,H80XL
Hyster,H80XL2
Hyster,H80XM
Hyster,H90XLS
Hyster,J30XNT
Hyster,J40XMT2
Hyster,J40XN
Hyster,J40XNT
Hyster,N30FR
Hyster,N352RS2-16.5
Hyster,N35ZRS
Hyster,N40ER
Hyster,R30F
Hyster,R30XM2
Hyster,S100XL
Hyster,S120FT
Hyster,S120FTS
Hyster,S120XL2
Hyster,S120XL2S
Hyster,S135FT
Hyster,S155FT
Hyster,S155XL
Hyster,S155XL2
Hyster,S30FT
Hyster,S30XM
Hyster,S35FT
Hyster,S40FT
Hyster,S40FTS
Hyster,S40XMS
Hyster,S50CT2
Hyster,S50FT
Hyster,S50XL
Hyster,S50XM
Hyster,S55FT
Hyster,S55FTS
Hyster,S60FT
Hyster,S60XL
Hyster,S60XM
Hyster,S62FT
Hyster,S70FT
Hyster,S80FT
Hyster,S80FTBCS
Hyster,S80XLBCS
Hyster,S80XMBCS
Hyster,V30ZMU
Hytsu,FG15T
Hyundai,25D-7
Hyundai,70D-7E
Hyundai,HDF20-5
Ingersoll Rand,VR-518
Ingersoll Rand,VR-843C
Ingersoll Rand,VR1044
Ingersoll Rand,VR642C
JCB,175
JCB,507-42
JCB,50942
JCB,510-56
JCB,512-56
JCB,520
JCB,520-50
JCB,525-60
JCB,532 LOADALL
JCB,535-140
JCB,550-170
JCB,930
JCB,930-4
JCB,940
JCB,TLT30D
JCB,TLT30G
JLG,10054
JLG,1055
JLG,1255
JLG,1930ES
JLG,1932E2
JLG,220MRT
JLG,260MRT
JLG,2646E2
JLG,2646ES
JLG,3246ES
JLG,3394RT
JLG,400S
JLG,4069LE
JLG,6036
JLG,6041
JLG,6042
JLG,8042
JLG,E18MCL
JLG,E300AJP
JLG,E400AJP
JLG,ECOLIFT70
JLG,G10-55A
JLG,G1043A
JLG,G12-55A
JLG,G5-18A
JLG,G6-42A
JLG,G9-43A
JLG,M600JP
JLG Skytrak,10054
JLG Skytrak,6042
JLG Skytrak,8042
John Deere,17D
John Deere,310G
John Deere,310K
Jungheinrich,EFG430
Jungheinrich,ETR230
Jungheinrich,ETR345
Kalmar,C50
Kalmar,DCE160-12
Kalmar,DCG140-6
Kalmar,ET35AMX
Kalmar,P50BXD
Kalmar,P60BXS
Komatsu,FB15RL-15
Komatsu,FB18MG
Komatsu,FB20SH-4
Komatsu,FB20SHG-5
Komatsu,FB25SH-4
Komatsu,FB25SHU-6
Komatsu,FC15C-16
Komatsu,FC15C15
Komatsu,FD25
Komatsu,FG15HT-16
Komatsu,FG15HTLS
Komatsu,FG15LC-16
Komatsu,FG15ST-15
Komatsu,FG15ST-16
Komatsu,FG15STLS-16
Komatsu,FG20C-12
Komatsu,FG25C
Komatsu,FG25C-12
Komatsu,FG25HT-16
Komatsu,FG25ST-12
Komatsu,FG25ST-16
Komatsu,FG25STLP-12
Komatsu,FG25T-12
Komatsu,FG25T-16
Komatsu,FG30HT-16
Komatsu,FG30SHT-14
Komatsu,FG35ST-6
Komatsu,FG36SHT-14
Komatsu,FG40ZT-4
Komatsu,FG40ZT-7
Komatsu,P60BXS
Kubota,R530
Lift Hero,CDD15E1CB 3.O
Lift Hero,CL1335GHY
Lift Hero,CL13GHY
Lift Hero,CPD100
Lift Hero,CPD20
Lift Hero,CPD25
Lift Hero,CPD25X
Lift Hero,CPD30
Lift Hero,CPD30-65
Lift Hero,CPD33
Lift Hero,CPD35
Lift Hero,CPD35X
Lift Hero,CPD38
Lift Hero,CPD50
Lift Hero,CPD70
Lift Hero,CPD85
Lift Hero,CPDS10
Lift Hero,CPYD25X
Lift Hero,CPYD35-XL
Lift Hero,CQD20N
Lift Hero,E1CD
Lift Hero,LG15DR
Lift Hero,LG15ESG
Lift Hero,LG16BE
Lift Hero,LG18B
Lift Hero,LG18BE
Lift Hero,LG20B
Lift Hero,LG20BE
Lift Hero,LG20DR
Lift Hero,LG20GLT
Lift Hero,LG25B
Lift Hero,LG25GLT
Lift Hero,LG30B
Lift Hero,LG30GLT
Lift Hero,LG35B
Lift Hero,LG35GLT
Lift Hero,LG35LGT
Lift Hero,N18
Lift Hero,SL20L3
Lift Hero,SL25GA
Lift Hero,SL30GA
Lift King,LKUSN4S
Linde,E15-02
Linde,EWR60-02
Linde,EWR80-02
Linde,EWS40-02
Linde,H25CT
Linde,H30CT
Linde,H30D
Linde,H30T
Linde,H35D
Linde,H40D
Linde,H40T
Linde,H45T
Linde,H50D
Linde,H50T
Linde,T20
LiuGong,CLG2025G
LiuGong,CLG2025G-C
LiuGong,CLG2030G
LiuGong,CLG2040G-LP
LiuGong,CLG2040HL DF
LiuGong,CLG2050G
LiuGong,CLG2050H
LiuGong,CLG2050HL DF
LOADMAC,255 IR 2-WAY
LOADMAC,255 IR 4-WAY
LOADMAC,855 SUPER REACH 2-WAY
LOADMAC,855 SUPER REACH 4-WAY
LonKing,CPYD35X
Lull,1044C-54
Lull,644B-42
Lull,644E-42
Lull,944E-42
Manitou,M50
Manitou,MC40
Manitou,TMT320FL
Merlo,P27.6 PLUS 60.19
Merlo,P40.13 PLUS
Merlo,P50.18 PLUS
Merlo,P72.10
Mima,MBC20
Mima,MQC30
Mima,MQK30
MircoLift,T20I
Mitsubishi,A2BS120211
Mitsubishi,AF81F50032
Mitsubishi,ESR15N
Mitsubishi,FBC15
Mitsubishi,FBC25N2
Mitsubishi,FC30
Mitsubishi,FCG25
Mitsubishi,FD30
Mitsubishi,FD35N
Mitsubishi,FD40K
Mitsubishi,FD40N
Mitsubishi,FG10
Mitsubishi,FG15B
Mitsubishi,FG15N
Mitsubishi,FG20M
Mitsubishi,FG25
Mitsubishi,FG25K
Mitsubishi,FG25N
Mitsubishi,FG30
Mitsubishi,FG30B
Mitsubishi,FG30N
Mitsubishi,FG40N
Mitsubishi,FG50K-LP
Mitsubishi,FGC15
Mitsubishi,FGC15K
Mitsubishi,FGC15N
Mitsubishi,FGC18K
Mitsubishi,FGC20K
Mitsubishi,FGC25
Mitsubishi,FGC25N
Mitsubishi,FGC30K
Mitsubishi,FGC30N
Mitsubishi,FGC45KC
Mitsubishi,FGC70K
Moffet,M55
Moffet,M5500
Nissan,AF50
Nissan,AP25
Nissan,BXC35
Nissan,C3000
Nissan,C6000
Nissan,CF40
Nissan,CF50
Nissan,CF50LPS
Nissan,CF60
Nissan,CH15
Nissan,CH60
Nissan,CJ25
Nissan,CJJ02A25PV
Nissan,CL30
Nissan,CL35
Nissan,CL40
Nissan,CL40S
Nissan,CL50
Nissan,CL50LP
Nissan,CL60
Nissan,CLS60
Nissan,CLS60LP
Nissan,CPH02A25PV
Nissan,CPJ02A20PV
Nissan,CPJ02A25FB
Nissan,CPJ02A30PV
Nissan,CPJ03A25PV
Nissan,CSP01L18S
Nissan,CUGJ02F35PV
Nissan,CUM01L15S
Nissan,CUM01L185
Nissan,CWP02L25S
Nissan,CYB02L25S
Nissan,CYGM02L30S
Nissan,E5000
Nissan,FJ01A15
Nissan,JC35
Nissan,KCPH02A25PV
Nissan,KCUGH02F30PV
Nissan,KPH01A15V
Nissan,MAP1F2A25LV
Nissan,MAPL01A15LV
Nissan,MCP1F1A15LV
Nissan,MCP1F1A18LV
Nissan,MCP1F2A20LV
Nissan,MCP1F2A25LV
Nissan,MCPL01A18LV
Nissan,MCPL02A25LS
Nissan,MCPL02A25LV
Nissan,MCPL02A28LV
Nissan,MCUG1F2F30LV
Nissan,MCUL02A25LV
Nissan,MJ1F4A35LV
Nissan,MP1F1A20LV
Nissan,MP1F2A25LV
Nissan,MYGL02A30V
Nissan,NP40
Nissan,P4000
Nissan,PF35
Nissan,PF50
Nissan,PF70
Nissan,PFS40
Nissan,PH01A15V
Nissan,PJ30
Nissan,PL35
Nissan,PL40
Nissan,PLS40
Nissan,SM1H235NV
Nissan,TX35
Nissan,WGF03A40V
Nissan Unicarriers,BXC30
Nissan Unicarriers,CF35
Nissan Unicarriers,MAP1FA18LV
Nissan Unicarriers,MAP1FA25LV
Nissan Unicarriers,MCP1F1A15LV
Nissan Unicarriers,MCP1F2A25LV
Nissan Unicarriers,MP1FA20LV
Nissan Unicarriers,MUG1F2A35LV
Nissan Unicarriers,PF80YLP
Nissan Unicarriers,PFS40
Nissan Unicarriers,RF30
Octane,CL13GHY
Octane,FB100
Octane,FB120
Octane,FB15
Octane,FB16S
Octane,FB20
Octane,FB25
Octane,FB30
Octane,FB35
Octane,FB40
Octane,FB50
Octane,FBR15
Octane,FD100
Octane,FD120
Octane,FD160
Octane,FD20
Octane,FD25
Octane,FD250
Octane,FD25BCS
Octane,FD30
Octane,FD30RT4
Octane,FD30S
Octane,FD330
Octane,FD35
Octane,FD35S
Octane,FD40
Octane,FD40S
Octane,FD45
Octane,FD50
Octane,FD50S
Octane,FD60
Octane,FD70
Octane,FD80
Octane,FL20
Octane,FL25CU
Octane,FTD30RT4
Octane,FY15
Octane,FY18
Octane,FY20
Octane,FY25
Octane,FY25BCS
Octane,FY30
Octane,FY35
Octane,FY40S
Octane,FY45
Octane,FY50S
Octane,FY60
Octane,FY70
Octane,FYX30
Octane,HJ5500
Octane,OPS15
Octane,RTD30
Octane,RTD30-2WD
Octane,RTD35
Octane,RTD35-4WD
Octane,RTD40-4WD
Octane,RTDA40
Octane,TEPT 15C
Octane,TEPT 30C
Octane,TEPT15
Octane,WS10-25
Octane,WS16
Palfinger,CR-50
Palfinger Crayler,CR50
Panasian Lift,RTDA40
Patriot,FD35
Pettibone,B66
Presto,PPS2200-62NAS
Prime Mover,RR 34
Princeton,D50
Princeton,PB50
Princeton,PBX
Raymond,101T-F45L
Raymond,102T-F45L
Raymond,11R30T
Raymond,410-C30TT
Raymond,540-0PC30TT
Raymond,540-OPC30TT
Raymond,60-C40TT
Raymond,740-R35TT
Raymond,8210
Raymond,8400
Raymond,8900
Raymond,DR25TT
Raymond,DSX40
Raymond,EAS R30TT
Raymond,EASI-30
Raymond,EASI-OCP3OTT
Raymond,EASI-OPC30TT
Raymond,EASI-OPC3OTT
Raymond,EASI-R40TT-M
Raymond,EASI-R45TT
Raymond,EMBS22
Raymond,R30TT
Raymond,R35TT
Raymond,R40TT
Raymond,R45T
Raymond,RAS25
Raymond,RSS40
Sellick,SD100
Sellick,SD80
Sellick,SG-50
SinoBoom,1932ME
SinoBoom,2732E
SinoBoom,3346E
SinoBoom,4047E
SinoBoom,VM160EL
Skyjack,SJ1056THS
Skyjack,SJ12
Skyjack,SJ4632
Skyjack,SJIII 3220
Skyjack,SJIII-3219
Skyjack,SJIII-4626
Skyjack,SJIII-4632
Skyjack,VR1056E
Skytrak,10054
Skytrak,6036
Skytrak,6042
Skytrak,8042
Snorkel,AB50J
Snorkel,S3226E
Sumitomo,11-FD25PVII
Tailift,DV8R
Tailift,FD50
Tailift,FG18P
Tailift,FG25C
Taylor,TXH350L
TCM,FCB30A4
TCM,FCG15
TCM,FCG18T8T
TCM,FCG25
TCM,FCG25-3HL
TCM,FCG30T-7T
TCM,FCG36N5
TCM,FD40Z6
TCM,FG15N-18
TCM,FG15N17
TCM,FG15N2
TCM,FG25N5T
TCM,FG30N8
TCM,FHG13T3L
TCM,FHG25N5T
Terex,SS1048
Terex,TH528
Terex,TX51-19
Toyota,3FBS15
Toyota,3FGL20
Toyota,40-3FG20
Toyota,42-4FG18
Toyota,42-5FG25
Toyota,42-6FGCU25
Toyota,42-6FGCU30
Toyota,4FGL-10
Toyota,52-6FGU30
Toyota,5FBC20
Toyota,5FBCU25
Toyota,5FBE15
Toyota,5FG15
Toyota,5FGC15
Toyota,5FGC25
Toyota,5FGL15
Toyota,6BRU23
Toyota,6BWC10
Toyota,6BWC20
Toyota,6FBPU15
Toyota,6FDU25
Toyota,6FDU35
Toyota,6FGCU15
Toyota,6FGCU25
Toyota,6FGCU35
Toyota,6FGU30
Toyota,6FGU35
Toyota,6GCU25
Toyota,7BNCU20
Toyota,7BPUE15
Toyota,7BRU23
Toyota,7BWS10
Toyota,7FBCU15
Toyota,7FBCU18
Toyota,7FBCU20
Toyota,7FBCU25
Toyota,7FBCU32
Toyota,7FBEU15
Toyota,7FBEU18
Toyota,7FBEU20
Toyota,7FBNCU18
Toyota,7FDKU40
Toyota,7FDU25
Toyota,7FDU30
Toyota,7FDU35
Toyota,7FDU45
Toyota,7FDU70
Toyota,7FG15
Toyota,7FGAU50
Toyota,7FGCU15
Toyota,7FGCU18
Toyota,7FGCU20
Toyota,7FGCU25
Toyota,7FGCU30
Toyota,7FGCU32
Toyota,7FGCU35
Toyota,7FGCU45
Toyota,7FGU15
Toyota,7FGU18
Toyota,7FGU20
Toyota,7FGU25
Toyota,7FGU30
Toyota,7FGU32
Toyota,7FGU35
Toyota,7FGU45
Toyota,7FGU60
Toyota,7FGU80
Toyota,7HBW23
Toyota,8BNCU18
Toyota,8BRU18
Toyota,8FBC15U
Toyota,8FBCHU25
Toyota,8FBCU20
Toyota,8FBCU25
Toyota,8FBCU30
Toyota,8FBCU32
Toyota,8FBE15U
Toyota,8FBE18U
Toyota,8FBEU15
Toyota,8FD40U
Toyota,8FD70U
Toyota,8FD80U
Toyota,8FDU25
Toyota,8FDU30
Toyota,8FDU32
Toyota,8FDU40
Toyota,8FG35U
Toyota,8FG45U
Toyota,8FG80U
Toyota,8FGC35U-BCS
Toyota,8FGCCU20
Toyota,8FGCU15
Toyota,8FGCU18
Toyota,8FGCU20
Toyota,8FGCU25
Toyota,8FGCU30
Toyota,8FGCU32
Toyota,8FGCU35
Toyota,8FGU15
Toyota,8FGU18
Toyota,8FGU25
Toyota,8FGU30
Toyota,8FGU32
Toyota,8FGU45
Toyota,9BRU23
Toyota,F5G15
Toyota,FGC15
Toyota,FGL15
Toyota,RTX35
Tusk,500CG-16
Tusk,800CG-8
Uline,H-5440
Utilev,UT25P
Vestil,RT-S-62-AF
Viper,FY30
Volvo,L90G
World Lift,WFG50C
XCMG,XG1330DC
Xtreme,XR1055
Xtreme,XT120B
Yale,11-FG25PVFE
Yale,ERC-45VG
Yale,ERC043AC
Yale,ERC045VG
Yale,ERC050
Yale,ERC050VG
Yale,ERC060RGN48TE098
Yale,ERC060VG
Yale,ERC065
Yale,ERC080VH
Yale,ERC080VX
Yale,ERC120VH
Yale,ERP030TBE24SE083
Yale,ERP030TFN
Yale,ERP030TG
Yale,ERP030TGN36TE062
Yale,ERP030THN36
Yale,ERP030THN36TE082
Yale,ERP030VT
Yale,ERP035TH
Yale,ERP035VT
Yale,ERP040TH
Yale,ERP040VT
Yale,ERP070VL
Yale,ERPS030TFN36SE078
Yale,ESC030AD
Yale,ESC030FA
Yale,ESC035AC
Yale,ESC040
Yale,ESC040ACN3
Yale,ESC040ACN36TE082
Yale,ESC040AD
Yale,F807N01520B
Yale,FG15
Yale,GC030VX
Yale,GC050VX
Yale,GC060VX
Yale,GC080VXBCS
Yale,GC150
Yale,GDP040VX
Yale,GDP050TG
Yale,GDP060
Yale,GDP060VX
Yale,GDP080VX
Yale,GDP090VX
Yale,GDP100MJ
Yale,GDP100VXNCGV111
Yale,GDP110
Yale,GDP120VX
Yale,GDP155
Yale,GDP155CANPBV147
Yale,GDP155VX
Yale,GLC030
Yale,GLC030AF
Yale,GLC035AF
Yale,GLC040SVX
Yale,GLC040VX
Yale,GLC050
Yale,GLC050DE
Yale,GLC050LXNVAE087
Yale,GLC050RCJUAE083
Yale,GLC050TF
Yale,GLC050TG
Yale,GLC050VX
Yale,GLC055VX
Yale,GLC060VX
Yale,GLC060VXNVSE085
Yale,GLC070VX
Yale,GLC070VXNGSE088
Yale,GLC07VX
Yale,GLC080VXBCS
Yale,GLC120
Yale,GLC120M
Yale,GLC120MG
Yale,GLC120MJ
Yale,GLC120SVXNG
Yale,GLC150
Yale,GLC155VXN
Yale,GLP030
Yale,GLP030VX
Yale,GLP030VXNRAE084
Yale,GLP040AF
Yale,GLP040SV
Yale,GLP040SVX
Yale,GLP040VX
Yale,GLP050
Yale,GLP050LXEUSE090
Yale,GLP050LXNVAE091
Yale,GLP050VX
Yale,GLP050VXEUS
Yale,GLP050VXEUSE090
Yale,GLP060TFNUA
Yale,GLP060VX
Yale,GLP060VXEUSE039
Yale,GLP060VXEVSE093
Yale,GLP090LJ
Yale,GLP120MJ
Yale,GP050MX
Yale,GP060MX
Yale,GP060VX
Yale,GTP050ZG
Yale,H80FT
Yale,J40XN
Yale,MPB045VG
Yale,MPE060-F
Yale,MPE060LG
Yale,MRW030
Yale,MSW030SC
Yale,MSW030SCN12TV08
Yale,MSW040
Yale,MSW040LCN24TV087
Yale,MSW040SEN24TV087
Yale,MSW040SFN
Yale,MSW040SFN24TV087
Yale,N35ZDR
Yale,NDR030EA
Yale,NDR035EB
Yale,NR035ACNL
Yale,NR035ACNM
Yale,NR035AE
Yale,NR035EANL36TE095
Yale,NR035EANL36TE119
Yale,NR035EB
Yale,NR040
Yale,NR040AENS24TE091
Yale,NR040DANS24
Yale,NR040DANS24TE091
Yale,NR040DANS24TEO
Yale,NR040DANS25
Yale,NR040EANL36
Yale,NR045
Yale,NR045AE
Yale,NR045EB
Yale,NRO040AENS24TE091
Yale,OS030ECN
Yale,OS030ECN24T
Yale,OS030ECN24TE089
Yale,OS030EF
Yale,OSO030ECN2
Zoom-Lion,DB16W
Zoom-Lion,FB25H
Zoom-Lion,FE18H
Zoom-Lion,FG25
Zoom-Lion,FG30
Zoom-Lion,FL25
Zoom-Lion,TB20E
Zoom-Lion,TB20R R-O
