"","LIFT HERO","","2024","","CPD20","","Single Drive","","4000",""
"","LIFT HERO","","2024","","LG18BE","","3-wheel","","3500",""
"","OCTANE","","2026","","FB40","","Single Drive","","9000",""
"","LIFT HERO"," ","2024","","LG20GLT","","Dual Drive","","4000",""
"","LIFT HERO","","2024","","LG16BE","","3-wheel","","3000",""
"","LIFT HERO","","2024","","CPD30","","Single Drive","","6000",""
"","LIFT HERO","","2024","","LG18BE","","3-wheel","","3500",""
"","LIFT HERO","","2024","","LG18BE","","3-wheel","","3500",""
"","LIFT HERO","","2024","","LG20BE","","3-wheel","","4000",""
"","LIFT HERO","","2024","","LG25GLT","","Dual Drive","","5000",""
"","LIFT HERO","","2024","","LG25GLT","","Dual Drive","","5000",""
"","LIFT HERO","","2024","","LG20DR","","Single Drive","","4000",""
"","LIFT HERO","","2024","","CPD20","","Dual Drive","","4000",""
"","LIFT HERO","","2024","","CPD25","","Dual Drive","","5000",""
"","LIFT HERO","","2024","","CPD30","","Single Drive","","6000",""
"","LIFT HERO","","2024","","CPD30","","Single Drive","","6000",""
"","LIFT HERO","","2024","","CPD30","","Dual Drive","","6000",""
"","LIFT HERO","","2024","","CPD20","","Dual Drive","","4000",""
"","LIFT HERO","","2024","","CPD25","","Dual Drive","","5000",""
"","LIFT HERO","","2024","","CPD30","","Single Drive","","6000",""
"","LIFT HERO","","2024","","CPD30","","Single Drive","","6000",""
"","LIFT HERO","","2024","","LG20GLT","","Single Drive","","4000",""
"","LIFT HERO","","2024",""," LG25GLT","","Dual Drive","","5000",""
"","LIFT HERO","","2026","","CPD30 ","","Single Drive","","6500",""
"","LIFT HERO","","2026","","CPD30 ","","Single Drive","","6500",""
"","LIFT HERO","","2026","","CPD30 ","","Single Drive","","6500",""
"","LIFT HERO","","2026","","CPD30 ","","Single Drive","","6500",""
"","LIFT HERO","","2026","","CPD30 ","","Single Drive","","6500",""
"","LIFT HERO","","2026","","CPD30 ","","Single Drive","","6500",""
"","LIFT HERO","","2026","","CPD100","","Dual Drive","","22000",""
"","LIFT HERO","","2026","","CPD100","","Dual Drive","","22000",""
"","LIFT HERO","","2026","","CPD100","","Dual Drive","","22000",""
"","LIFT HERO","","2026","","CPD100","","Dual Drive","","22000",""
"","LIFT HERO","","2026","","CPD85","","Single Drive","","18500",""
"","LIFT HERO","","2026","","CPD85","","Single Drive","","18500",""
"","LIFT HERO","","2026","","CPD85","","Single Drive","","18500",""
"","LIFT HERO","","2026","","CPD85","","Single Drive","","18500",""
"","LIFT HERO","","2025","","LG20DR","","Single Drive","","4000",""
"","LIFT HERO","","2026","","LG20DR","","Single Drive","","4000",""
"","LIFT HERO","","2026","","LG20DR","","Single Drive","","4000",""
"","LIFT HERO","","2026","","LG20DR","","Single Drive","","4000",""
"","LIFT HERO","","2026","","LG50B","","Single Drive","","11000",""
"","LIFT HERO","","2024","","LG20GLT","","Single Drive","","4000",""
"","LIFT HERO","","2024","","LG20GLT","","Single Drive","","4000",""
"","LIFT HERO","","2024","","CPD30","","Dual Drive","","6000",""
"","LIFT HERO","","2024","","LG25GLT","","Dual Drive","","5000",""
"","LIFT HERO","","2025","","CPD50","","Dual Drive","","11000",""
"","LIFT HERO","","2025","","CPD70","","Dual Drive","","15500",""
"","LIFT HERO","","2026","","LG20DR","","Single Drive","","4000",""
"","LIFT HERO","","2026","","LG20DR","","Single Drive","","4000",""
"","Hyster","","2001","","E60XM2-33","","Single Drive","","6000",""
"","LIFT HERO","","2024","","LG20GLT","","Dual Drive","","4000",""
"","LIFT HERO","","2025","","LG20DR","","Single Drive","","4000",""
"","LIFT HERO","","2024",""," LG25GLT","","Dual Drive","","5000",""
"","LIFT HERO","","2025","","LG20DR","","Single Drive","","4000",""
"","LIFT HERO","","2026",""," LG35GLT","","Single Drive","","8000",""
"","LIFT HERO","","2026",""," LG35GLT","","Dual Drive","","8000",""
"","LIFT HERO","","2026",""," LG35GLT","","Single Drive","","8000",""
"","LIFT HERO","","2025","","CPYD35-XL","","Dual Drive","","8000",""
"","LIFT HERO","","2025","","CPYD25-XL","","Single Drive","","5000",""
"","LIFT HERO","","2025","","CPYD25-XL","","Single Drive","","5000",""
"","LIFT HERO","","2025","","CPYD25-XL","","Single Drive","","5000",""
"","LIFT HERO","","2025","","CPYD25-XL","","Single Drive","","5000",""
"","LIFT HERO","","2025","","CPYD25-XL","","Single Drive","","5000",""
"","LIFT HERO","","2025","","CPYD25-XL","","Single Drive","","5000",""
"","LIFT HERO","","2025","","CPYD25-XL","","Single Drive","","5000",""
"","LIFT HERO","","2025","","CPYD25-XL","","Single Drive","","5000",""
"","LIFT HERO","","2025","","CPYD25-XL","","Single Drive","","5000",""
"","LIFT HERO","","2025","","CPYD25-XL","","Single Drive","","5000",""
"","LIFT HERO","","2025","","CPYD25-XL","","Single Drive","","5000",""
"","LIFT HERO","","2025","","CPD70","","Dual Drive","","15500",""
"","LIFT HERO","","2025","","CQD20N","","Single Drive","","4000",""
"","LIFT HERO","","2025","","CL1325GHY","","Single Drive","","2800",""
"","LIFT HERO","","2025","","CL1325GHY","","Single Drive","","2800",""
"","LIFT HERO","","2025","","CL1325GHY","","Single Drive","","2800",""
"","LIFT HERO","","2025","","CL1325GHY","","Single Drive","","2800",""
"","LIFT HERO","","2025","","CL1325GHY","","Single Drive","","2800",""
"","LIFT HERO","","2025","","CL1325GHY","","Single Drive","","2800",""
"","LIFT HERO","","2025","","CDD15-E1CB","","Single Drive","","3300",""
"","LIFT HERO","","2025","","CDD15-E1CB","","Single Drive","","3300",""
"","LIFT HERO","","2025","","CDD15-E1CB","","Single Drive","","3300",""
"","LIFT HERO","","2025","","SL20L3","","Single Drive","","4500",""
"","LIFT HERO","","2025","","SL20L3","","Single Drive","","4500",""
"","LIFT HERO","","2025","","SL20L3","","Single Drive","","4500",""
"","LIFT HERO","","2025","","SL20L3","","Single Drive","","4500",""
"","LIFT HERO","","2025","","SL20L3","","Single Drive","","4500",""
"","LIFT HERO","","2025","","SL20L3","","Single Drive","","4500",""
"","LIFT HERO","","2025","","SL20L3","","Single Drive","","4500",""
"","LIFT HERO","","2025","","SL20L3","","Single Drive","","4500",""
"","LIFT HERO","","2025","","SL20L3","","Single Drive","","4500",""
"","LIFT HERO","","2025","","SL20L3","","Single Drive","","4500",""
"","LIFT HERO","","2025","","SL20L3","","Single Drive","","4500",""
"","LIFT HERO","","2025","","SL20L3","","Single Drive","","4500",""
"","LIFT HERO","","2025","","SL20L3","","Single Drive","","4500",""
"","LIFT HERO","","2024","","LG20DR","","Single Drive","","4000",""
"","LIFT HERO","","2026","","CPD38","","Single Drive","","9000","80V Lithium-Ion"
"","LIFT HERO","","2025","","CPD25","","Single Drive","","5000",""
"","LIFT HERO","","2025","","CPD25","","Single Drive","","5000",""
"","LIFT HERO","","2025","","CPD25","","Single Drive","","5000",""
"","LIFT HERO","","2025","","CPD25","","Single Drive","","5000",""
"","LIFT HERO","","2025","","CPD25","","Single Drive","","5000",""
"","LIFT HERO","","2025","","CPD25","","Single Drive","","5000",""
"","LIFT HERO","","2025","","CPD25","","Single Drive","","5000",""
"","LIFT HERO","","2025","","CPD25","","Single Drive","","5000",""
"LIFT HERO","LIFT HERO","NEW!","2025","CPYD35-XL","CPD35","Dual Drive","Single Drive","8000","8000","80V Lithium-Ion"
"","LIFT HERO","","2023","","CPD30","","Single Drive","","6000",""
"","LIFT HERO","","2023","","LG25GLT","","Dual Drive","","5000",""
"","LIFT HERO","","2023","","LG25GLT","","Dual Drive","","5000",""
"","LIFT HERO","","2023","","LG25GLT","","Dual Drive","","5000",""
"","LIFT HERO","","2023","","CPD30","","Single Drive","","6000","LP (Propane)"
"","LIFT HERO","","2026","","CPDB(D)30AC EX RATED","","Single Drive","","6000",""
"","LIFT HERO","","2026","","CPDB(D)30AC  EX RATED","","Single Drive","","6000",""
"","LIFT HERO","","2025","","CL1325GHY","","Single Drive","","2800",""
"","LIFT HERO","","NEW!","","WIDE Class 3 SS/FP","","","","8000",""
"","LIFT HERO","","2026",""," LG35GLT","","Single Drive","","8000",""
"","LIFT HERO","","2026","","CPD30- MODEX","","Single Drive","","6000",""
"","LIFT HERO","","2026","","CPCD30-X- MODEX","","Single Drive","","6000",""
"","LIFT HERO","","2026","","CPYD30-XL-MODEX","","Single Drive","","6000",""
"","LIFT HERO","","2026","","LG16BE- MODEX","","3-wheel","","3000",""
"","LIFT HERO","","2026","","CBD20-E1C1L/SL20L3","","Single Drive","","4500",""
"","LIFT HERO","","2026","","CPYD30-XL","","Single Drive","","6000",""
"","LIFT HERO","","2026","","CPYD30-XL","","Single Drive","","6000",""
"","LIFT HERO","","2026","","CPYD30-XL","","Single Drive","","6000",""
"","LIFT HERO","","2026","","CPYD35-XL","","Dual Drive","","8000",""
"","LIFT HERO","","2026","","CPD100","","Single Drive","","22000",""
"","LIFT HERO","","2024","","CPD35","","Single Drive","","8000",""
"","LIFT HERO","","2026","","CPD70","","Dual Drive","","15500",""
"","LIFT HERO","","2026","","CPD70","","Dual Drive","","15500",""
"","LIFT HERO","","2023","","CPD25","","Single Drive","","5000",""
"","LIFT HERO","","2024","","CL1335GHY","","Single Drive","","2800",""
"","LIFT HERO","","2026","","CPD30","","Single Drive","","6000",""
"","LIFT HERO","","2026","","CPD30","","Single Drive","","6000",""
"","LIFT HERO","","2023","","CPD38","","Single Drive","","8500",""
"","LIFT HERO","","2024","","LG35GLT","","Dual Drive","","8000",""
